<BackupInst xmlns="http://www.microsoft.com/GroupPolicy/GPOOperations/Manifest"><GPOGuid><![CDATA[{BF0C3C6E-2A3E-4D3D-BB76-670B2AB2F2C1}]]></GPOGuid><GPODomain><![CDATA[test.local]]></GPODomain><GPODomainGuid><![CDATA[{e648bc0c-268a-43d4-95a3-2c0e6d405667}]]></GPODomainGuid><GPODomainController><![CDATA[WIN-O8JMP0D6GL1.test.local]]></GPODomainController><BackupTime><![CDATA[2025-05-29T21:06:30]]></BackupTime><ID><![CDATA[{3650625F-02CB-4E30-BCD6-A2226F3549A9}]]></ID><Comment><![CDATA[updated for server 2025]]></Comment><GPODisplayName><![CDATA[wildcard-admin-templates]]></GPODisplayName></BackupInst>
