<?xml version="1.0" encoding="utf-8"?><!-- Copyright (c) Microsoft Corporation.  All rights reserved. --><GroupPolicyBackupScheme bkp:version="2.0" bkp:type="GroupPolicyBackupTemplate" xmlns:bkp="http://www.microsoft.com/GroupPolicy/GPOOperations" xmlns="http://www.microsoft.com/GroupPolicy/GPOOperations">
    <GroupPolicyObject><SecurityGroups><Group><Sid/><SamAccountName><![CDATA[Administrators]]></SamAccountName><Type><![CDATA[Unknown]]></Type><NetBIOSDomainName/><DnsDomainName/><UPN/></Group><Group><Sid/><SamAccountName><![CDATA[Authenticated Users]]></SamAccountName><Type><![CDATA[Unknown]]></Type><NetBIOSDomainName/><DnsDomainName/><UPN/></Group><Group><Sid/><SamAccountName><![CDATA[ENTERPRISE DOMAIN CONTROLLERS]]></SamAccountName><Type><![CDATA[Unknown]]></Type><NetBIOSDomainName/><DnsDomainName/><UPN/></Group><Group><Sid/><SamAccountName><![CDATA[LOCAL SERVICE]]></SamAccountName><Type><![CDATA[Unknown]]></Type><NetBIOSDomainName/><DnsDomainName/><UPN/></Group><Group><Sid/><SamAccountName><![CDATA[NETWORK SERVICE]]></SamAccountName><Type><![CDATA[Unknown]]></Type><NetBIOSDomainName/><DnsDomainName/><UPN/></Group><Group><Sid/><SamAccountName><![CDATA[SERVICE]]></SamAccountName><Type><![CDATA[Unknown]]></Type><NetBIOSDomainName/><DnsDomainName/><UPN/></Group><Group><Sid/><SamAccountName><![CDATA[Guests]]></SamAccountName><Type><![CDATA[Unknown]]></Type><NetBIOSDomainName/><DnsDomainName/><UPN/></Group><Group><Sid/><SamAccountName><![CDATA[Users]]></SamAccountName><Type><![CDATA[Unknown]]></Type><NetBIOSDomainName/><DnsDomainName/><UPN/></Group><Group bkp:Source="FromDACL"><Sid><![CDATA[S-1-5-21-2413687269-1008438185-239678250-1000]]></Sid><SamAccountName><![CDATA[admin]]></SamAccountName><Type><![CDATA[User]]></Type><NetBIOSDomainName><![CDATA[TEST]]></NetBIOSDomainName><DnsDomainName><![CDATA[test.local]]></DnsDomainName><UPN><![CDATA[admin@test.local]]></UPN></Group><Group bkp:Source="FromDACL"><Sid><![CDATA[S-1-5-21-2413687269-1008438185-239678250-519]]></Sid><SamAccountName><![CDATA[Enterprise Admins]]></SamAccountName><Type><![CDATA[UniversalGroup]]></Type><NetBIOSDomainName><![CDATA[TEST]]></NetBIOSDomainName><DnsDomainName><![CDATA[test.local]]></DnsDomainName><UPN><![CDATA[Enterprise Admins@test.local]]></UPN></Group><Group bkp:Source="FromDACL"><Sid><![CDATA[S-1-5-21-2413687269-1008438185-239678250-512]]></Sid><SamAccountName><![CDATA[Domain Admins]]></SamAccountName><Type><![CDATA[GlobalGroup]]></Type><NetBIOSDomainName><![CDATA[TEST]]></NetBIOSDomainName><DnsDomainName><![CDATA[test.local]]></DnsDomainName><UPN><![CDATA[Domain Admins@test.local]]></UPN></Group></SecurityGroups><FilePaths/><GroupPolicyCoreSettings><ID><![CDATA[{24E9C028-9173-45DC-A631-0A6AD3D21EEE}]]></ID><Domain><![CDATA[test.local]]></Domain><SecurityDescriptor>01 00 04 9c 00 00 00 00 00 00 00 00 00 00 00 00 14 00 00 00 04 00 ec 00 08 00 00 00 05 02 28 00 00 01 00 00 01 00 00 00 8f fd ac ed b3 ff d1 11 b4 1d 00 a0 c9 68 f9 39 01 01 00 00 00 00 00 05 0b 00 00 00 00 00 24 00 ff 00 0f 00 01 05 00 00 00 00 00 05 15 00 00 00 e5 f1 dd 8f a9 8b 1b 3c 2a 33 49 0e e8 03 00 00 00 02 24 00 ff 00 0f 00 01 05 00 00 00 00 00 05 15 00 00 00 e5 f1 dd 8f a9 8b 1b 3c 2a 33 49 0e 00 02 00 00 00 02 24 00 ff 00 0f 00 01 05 00 00 00 00 00 05 15 00 00 00 e5 f1 dd 8f a9 8b 1b 3c 2a 33 49 0e 07 02 00 00 00 02 14 00 94 00 02 00 01 01 00 00 00 00 00 05 09 00 00 00 00 02 14 00 94 00 02 00 01 01 00 00 00 00 00 05 0b 00 00 00 00 02 14 00 ff 00 0f 00 01 01 00 00 00 00 00 05 12 00 00 00 00 0a 14 00 ff 00 0f 00 01 01 00 00 00 00 00 03 00 00 00 00</SecurityDescriptor><DisplayName><![CDATA[wildcard-dc-policies]]></DisplayName><Options><![CDATA[0]]></Options><UserVersionNumber><![CDATA[65537]]></UserVersionNumber><MachineVersionNumber><![CDATA[1769499]]></MachineVersionNumber><MachineExtensionGuids><![CDATA[[{35378EAC-683F-11D2-A89A-00C04FBBCFA2}{D02B1F72-3407-48AE-BA88-E8213C6761F1}][{827D319E-6EAC-11D2-A4EA-00C04F79F83A}{803E14A0-B4FB-11D0-A0D0-00A0C90F574B}]]]></MachineExtensionGuids><UserExtensionGuids/><WMIFilter/></GroupPolicyCoreSettings> 
        <GroupPolicyExtension bkp:ID="{35378EAC-683F-11D2-A89A-00C04FBBCFA2}" bkp:DescName="Registry">
            <FSObjectFile bkp:Path="%GPO_MACH_FSPATH%\registry.pol" bkp:SourceExpandedPath="\\WIN-O8JMP0D6GL1.test.local\sysvol\test.local\Policies\{24E9C028-9173-45DC-A631-0A6AD3D21EEE}\Machine\registry.pol" bkp:Location="DomainSysvol\GPO\Machine\registry.pol"/>
            
            <FSObjectFile bkp:Path="%GPO_FSPATH%\Adm\*.*" bkp:SourceExpandedPath="\\WIN-O8JMP0D6GL1.test.local\sysvol\test.local\Policies\{24E9C028-9173-45DC-A631-0A6AD3D21EEE}\Adm\*.*"/>
        </GroupPolicyExtension>
        
        
        
        
        <GroupPolicyExtension bkp:ID="{827D319E-6EAC-11D2-A4EA-00C04F79F83A}" bkp:DescName="Security">
            <FSObjectFile bkp:Path="%GPO_MACH_FSPATH%\microsoft\windows nt\SecEdit\GptTmpl.inf" bkp:SourceExpandedPath="\\WIN-O8JMP0D6GL1.test.local\sysvol\test.local\Policies\{24E9C028-9173-45DC-A631-0A6AD3D21EEE}\Machine\microsoft\windows nt\SecEdit\GptTmpl.inf" bkp:ReEvaluateFunction="SecurityValidateSettings" bkp:Location="DomainSysvol\GPO\Machine\microsoft\windows nt\SecEdit\GptTmpl.inf"/>
        </GroupPolicyExtension>
        
        
        
        
    <GroupPolicyExtension bkp:ID="{F15C46CD-82A0-4C2D-A210-5D0D3182A418}" bkp:DescName="Unknown Extension"><FSObjectFile bkp:Path="%GPO_MACH_FSPATH%\comment.cmtx" bkp:SourceExpandedPath="\\WIN-O8JMP0D6GL1.test.local\sysvol\test.local\Policies\{24E9C028-9173-45DC-A631-0A6AD3D21EEE}\Machine\comment.cmtx" bkp:Location="DomainSysvol\GPO\Machine\comment.cmtx"/><FSObjectDir bkp:Path="%GPO_MACH_FSPATH%\microsoft" bkp:SourceExpandedPath="\\WIN-O8JMP0D6GL1.test.local\sysvol\test.local\Policies\{24E9C028-9173-45DC-A631-0A6AD3D21EEE}\Machine\microsoft" bkp:Location="DomainSysvol\GPO\Machine\microsoft"/><FSObjectDir bkp:Path="%GPO_MACH_FSPATH%\microsoft\windows nt" bkp:SourceExpandedPath="\\WIN-O8JMP0D6GL1.test.local\sysvol\test.local\Policies\{24E9C028-9173-45DC-A631-0A6AD3D21EEE}\Machine\microsoft\windows nt" bkp:Location="DomainSysvol\GPO\Machine\microsoft\windows nt"/><FSObjectDir bkp:Path="%GPO_MACH_FSPATH%\microsoft\windows nt\SecEdit" bkp:SourceExpandedPath="\\WIN-O8JMP0D6GL1.test.local\sysvol\test.local\Policies\{24E9C028-9173-45DC-A631-0A6AD3D21EEE}\Machine\microsoft\windows nt\SecEdit" bkp:Location="DomainSysvol\GPO\Machine\microsoft\windows nt\SecEdit"/><FSObjectDir bkp:Path="%GPO_MACH_FSPATH%\Scripts" bkp:SourceExpandedPath="\\WIN-O8JMP0D6GL1.test.local\sysvol\test.local\Policies\{24E9C028-9173-45DC-A631-0A6AD3D21EEE}\Machine\Scripts" bkp:Location="DomainSysvol\GPO\Machine\Scripts"/><FSObjectDir bkp:Path="%GPO_MACH_FSPATH%\Scripts\Shutdown" bkp:SourceExpandedPath="\\WIN-O8JMP0D6GL1.test.local\sysvol\test.local\Policies\{24E9C028-9173-45DC-A631-0A6AD3D21EEE}\Machine\Scripts\Shutdown" bkp:Location="DomainSysvol\GPO\Machine\Scripts\Shutdown"/><FSObjectDir bkp:Path="%GPO_MACH_FSPATH%\Scripts\Startup" bkp:SourceExpandedPath="\\WIN-O8JMP0D6GL1.test.local\sysvol\test.local\Policies\{24E9C028-9173-45DC-A631-0A6AD3D21EEE}\Machine\Scripts\Startup" bkp:Location="DomainSysvol\GPO\Machine\Scripts\Startup"/></GroupPolicyExtension></GroupPolicyObject>
</GroupPolicyBackupScheme>