<BackupInst xmlns="http://www.microsoft.com/GroupPolicy/GPOOperations/Manifest"><GPOGuid><![CDATA[{24E9C028-9173-45DC-A631-0A6AD3D21EEE}]]></GPOGuid><GPODomain><![CDATA[test.local]]></GPODomain><GPODomainGuid><![CDATA[{e648bc0c-268a-43d4-95a3-2c0e6d405667}]]></GPODomainGuid><GPODomainController><![CDATA[WIN-O8JMP0D6GL1.test.local]]></GPODomainController><BackupTime><![CDATA[2025-05-28T22:45:10]]></BackupTime><ID><![CDATA[{EDE9AE23-42FC-452F-978A-2C9432FA191A}]]></ID><Comment><![CDATA[updated for server 2025]]></Comment><GPODisplayName><![CDATA[wildcard-dc-policies]]></GPODisplayName></BackupInst>
