<BackupInst xmlns="http://www.microsoft.com/GroupPolicy/GPOOperations/Manifest"><GPOGuid><![CDATA[{FFC0F6AD-6F06-4B9D-9AB9-31D22359B464}]]></GPOGuid><GPODomain><![CDATA[test.local]]></GPODomain><GPODomainGuid><![CDATA[{ff161bcf-f560-46e2-9e20-5f85bafb0006}]]></GPODomainGuid><GPODomainController><![CDATA[WIN-VSQJSS90AT6.test.local]]></GPODomainController><BackupTime><![CDATA[2023-10-14T05:42:29]]></BackupTime><ID><![CDATA[{3B08545D-C4F0-4257-AAE6-4CB64523ECCA}]]></ID><Comment><![CDATA[dc]]></Comment><GPODisplayName><![CDATA[test]]></GPODisplayName></BackupInst>
