<BackupInst xmlns="http://www.microsoft.com/GroupPolicy/GPOOperations/Manifest"><GPOGuid><![CDATA[{99487F03-DD32-4441-8734-328FEBB5B0DF}]]></GPOGuid><GPODomain><![CDATA[test.local]]></GPODomain><GPODomainGuid><![CDATA[{e648bc0c-268a-43d4-95a3-2c0e6d405667}]]></GPODomainGuid><GPODomainController><![CDATA[WIN-O8JMP0D6GL1.test.local]]></GPODomainController><BackupTime><![CDATA[2025-05-31T00:22:22]]></BackupTime><ID><![CDATA[{9A171870-E054-4062-A4A8-982260FA6F91}]]></ID><Comment><![CDATA[google chrome admin template settings]]></Comment><GPODisplayName><![CDATA[chrome]]></GPODisplayName></BackupInst>
