<BackupInst xmlns="http://www.microsoft.com/GroupPolicy/GPOOperations/Manifest"><GPOGuid><![CDATA[{84F7260E-A837-4843-9CCB-E4026F52F0C5}]]></GPOGuid><GPODomain><![CDATA[test.local]]></GPODomain><GPODomainGuid><![CDATA[{e648bc0c-268a-43d4-95a3-2c0e6d405667}]]></GPODomainGuid><GPODomainController><![CDATA[WIN-O8JMP0D6GL1.test.local]]></GPODomainController><BackupTime><![CDATA[2025-05-31T00:43:27]]></BackupTime><ID><![CDATA[{31F43C0B-1263-4EB1-9E73-30A0152933B9}]]></ID><Comment><![CDATA[firefox admin templates]]></Comment><GPODisplayName><![CDATA[firefox]]></GPODisplayName></BackupInst>
