<BackupInst xmlns="http://www.microsoft.com/GroupPolicy/GPOOperations/Manifest"><GPOGuid><![CDATA[{F5945A15-8CE0-4F43-B34F-352CF4FD01CF}]]></GPOGuid><GPODomain><![CDATA[test.local]]></GPODomain><GPODomainGuid><![CDATA[{066d9de1-2f2e-4b3c-8bd7-70db4d37a470}]]></GPODomainGuid><GPODomainController><![CDATA[WIN-TBN3F9EVD3H.test.local]]></GPODomainController><BackupTime><![CDATA[2024-05-17T13:56:23]]></BackupTime><ID><![CDATA[{09D1DE45-0C25-4975-97F9-9197976B322D}]]></ID><Comment><![CDATA[wildcard dc settings]]></Comment><GPODisplayName><![CDATA[wildcard-dc-policies]]></GPODisplayName></BackupInst>
