<BackupInst xmlns="http://www.microsoft.com/GroupPolicy/GPOOperations/Manifest"><GPOGuid><![CDATA[{FBB8DF9D-84AB-44E9-AE49-03D9B010CDB7}]]></GPOGuid><GPODomain><![CDATA[test.local]]></GPODomain><GPODomainGuid><![CDATA[{e648bc0c-268a-43d4-95a3-2c0e6d405667}]]></GPODomainGuid><GPODomainController><![CDATA[WIN-O8JMP0D6GL1.test.local]]></GPODomainController><BackupTime><![CDATA[2025-05-31T01:27:21]]></BackupTime><ID><![CDATA[{13E4650A-1184-42C7-819E-AC55ECA967F8}]]></ID><Comment><![CDATA[ms edge settings]]></Comment><GPODisplayName><![CDATA[edge]]></GPODisplayName></BackupInst>
