<BackupInst xmlns="http://www.microsoft.com/GroupPolicy/GPOOperations/Manifest"><GPOGuid><![CDATA[{C6809DD3-3125-458C-B36B-BDE459EA4E68}]]></GPOGuid><GPODomain><![CDATA[test.local]]></GPODomain><GPODomainGuid><![CDATA[{066d9de1-2f2e-4b3c-8bd7-70db4d37a470}]]></GPODomainGuid><GPODomainController><![CDATA[WIN-TBN3F9EVD3H.test.local]]></GPODomainController><BackupTime><![CDATA[2024-04-07T18:47:03]]></BackupTime><ID><![CDATA[{3281473A-F66C-423B-B824-DB24CB2B7DC5}]]></ID><Comment><![CDATA[settings for default admin templates]]></Comment><GPODisplayName><![CDATA[wildcard-admin-templates]]></GPODisplayName></BackupInst>
