<BackupInst xmlns="http://www.microsoft.com/GroupPolicy/GPOOperations/Manifest"><GPOGuid><![CDATA[{E725F435-B5EC-4542-951F-AE673775FDC4}]]></GPOGuid><GPODomain><![CDATA[test.local]]></GPODomain><GPODomainGuid><![CDATA[{066d9de1-2f2e-4b3c-8bd7-70db4d37a470}]]></GPODomainGuid><GPODomainController><![CDATA[WIN-TBN3F9EVD3H.test.local]]></GPODomainController><BackupTime><![CDATA[2024-04-07T21:08:59]]></BackupTime><ID><![CDATA[{2FF38BB4-4B44-44FE-9E95-5426EC5EE2C7}]]></ID><Comment><![CDATA[wildcard settings specific to domain controllers]]></Comment><GPODisplayName><![CDATA[wildcard-dc-policies]]></GPODisplayName></BackupInst>
