<BackupInst xmlns="http://www.microsoft.com/GroupPolicy/GPOOperations/Manifest"><GPOGuid><![CDATA[{2E446F3F-91F4-40CA-A039-6980CE76471B}]]></GPOGuid><GPODomain><![CDATA[test.local]]></GPODomain><GPODomainGuid><![CDATA[{e648bc0c-268a-43d4-95a3-2c0e6d405667}]]></GPODomainGuid><GPODomainController><![CDATA[WIN-O8JMP0D6GL1.test.local]]></GPODomainController><BackupTime><![CDATA[2025-05-28T22:47:29]]></BackupTime><ID><![CDATA[{78CE52B4-D6E0-41F6-BBCE-4990E5BF9D9A}]]></ID><Comment><![CDATA[updated for server 2025]]></Comment><GPODisplayName><![CDATA[wildcard-domain-policies]]></GPODisplayName></BackupInst>
