<BackupInst xmlns="http://www.microsoft.com/GroupPolicy/GPOOperations/Manifest"><GPOGuid><![CDATA[{BF00CA2A-7B4D-43D8-94CC-F16C1B3CB80F}]]></GPOGuid><GPODomain><![CDATA[test.local]]></GPODomain><GPODomainGuid><![CDATA[{066d9de1-2f2e-4b3c-8bd7-70db4d37a470}]]></GPODomainGuid><GPODomainController><![CDATA[WIN-TBN3F9EVD3H.test.local]]></GPODomainController><BackupTime><![CDATA[2024-04-07T08:41:49]]></BackupTime><ID><![CDATA[{065414B1-7553-477D-A047-5169D6A5D587}]]></ID><Comment><![CDATA[password, acc lockout, kerberos, sec options, event log, file system, registry, aapc]]></Comment><GPODisplayName><![CDATA[wildcard-domain-policies]]></GPODisplayName></BackupInst>
