<BackupInst xmlns="http://www.microsoft.com/GroupPolicy/GPOOperations/Manifest"><GPOGuid><![CDATA[{20F25975-1AA5-4AD2-A1EC-CE51E35645D5}]]></GPOGuid><GPODomain><![CDATA[test.local]]></GPODomain><GPODomainGuid><![CDATA[{066d9de1-2f2e-4b3c-8bd7-70db4d37a470}]]></GPODomainGuid><GPODomainController><![CDATA[WIN-TBN3F9EVD3H.test.local]]></GPODomainController><BackupTime><![CDATA[2024-05-17T13:52:12]]></BackupTime><ID><![CDATA[{064C9ADE-3C50-4BE1-B494-8CEF0F25D7E4}]]></ID><Comment><![CDATA[wildcard admin templates]]></Comment><GPODisplayName><![CDATA[wildcard-admin-templates]]></GPODisplayName></BackupInst>
