<BackupInst xmlns="http://www.microsoft.com/GroupPolicy/GPOOperations/Manifest"><GPOGuid><![CDATA[{C935D3F9-114B-4364-8C46-294110510836}]]></GPOGuid><GPODomain><![CDATA[test.local]]></GPODomain><GPODomainGuid><![CDATA[{e648bc0c-268a-43d4-95a3-2c0e6d405667}]]></GPODomainGuid><GPODomainController><![CDATA[WIN-O8JMP0D6GL1.test.local]]></GPODomainController><BackupTime><![CDATA[2025-05-28T22:03:23]]></BackupTime><ID><![CDATA[{60ADD952-C73D-4380-8450-929515F8BB2E}]]></ID><Comment><![CDATA[updated for server 2025]]></Comment><GPODisplayName><![CDATA[wildcard-admin-templates]]></GPODisplayName></BackupInst>
